{
  "ABW": 0.7798447943308883,
  "AW": 0.7798447943308883,
  "AFG": 0.1879245991425495,
  "AF": 0.1879245991425495,
  "AGO": 0.26346254205551634,
  "AO": 0.26346254205551634,
  "ALB": 0.4261071922153825,
  "AL": 0.4261071922153825,
  "AND": 0.6579129281071242,
  "AD": 0.6579129281071242,
  "ARE": 0.6345362403544152,
  "AE": 0.6345362403544152,
  "ARG": 0.45906131922592486,
  "AR": 0.45906131922592486,
  "ARM": 0.37489141510636054,
  "AM": 0.37489141510636054,
  "ATG": 0.705155379717637,
  "AG": 0.705155379717637,
  "AUS": 0.8958941128496147,
  "AU": 0.8958941128496147,
  "AUT": 0.7689782864039062,
  "AT": 0.7689782864039062,
  "AZE": 0.2903204627072059,
  "AZ": 0.2903204627072059,
  "BDI": 0.183627278106685,
  "BI": 0.183627278106685,
  "BEL": 0.7623075755749998,
  "BE": 0.7623075755749998,
  "BEN": 0.33495516485864135,
  "BJ": 0.33495516485864135,
  "BFA": 0.3390985618324973,
  "BF": 0.3390985618324973,
  "BGD": 0.26883777251779084,
  "BD": 0.26883777251779084,
  "BGR": 0.419257738839106,
  "BG": 0.419257738839106,
  "BHR": 0.442979050401742,
  "BH": 0.442979050401742,
  "BHS": 0.957704490977285,
  "BS": 0.957704490977285,
  "BIH": 0.37370740583123535,
  "BA": 0.37370740583123535,
  "BLR": 0.25197063487415255,
  "BY": 0.25197063487415255,
  "BLZ": 0.535408213675375,
  "BZ": 0.535408213675375,
  "BMU": 1.14971520694886,
  "BM": 1.14971520694886,
  "BOL": 0.34332127430525616,
  "BO": 0.34332127430525616,
  "BRA": 0.4615600731879536,
  "BR": 0.4615600731879536,
  "BRB": 1.069386001215875,
  "BB": 1.069386001215875,
  "BRN": 0.368866370863808,
  "BN": 0.368866370863808,
  "BTN": 0.23628056975461137,
  "BT": 0.23628056975461137,
  "BWA": 0.3747056055413694,
  "BW": 0.3747056055413694,
  "CAF": 0.4086454302054141,
  "CF": 0.4086454302054141,
  "CAN": 0.8401532077477591,
  "CA": 0.8401532077477591,
  "CHE": 1.077727161298933,
  "CH": 1.077727161298933,
  "CHL": 0.4618395584786256,
  "CL": 0.4618395584786256,
  "CHN": 0.49080287132814754,
  "CN": 0.49080287132814754,
  "CIV": 0.35569318248668436,
  "CI": 0.35569318248668436,
  "CMR": 0.32743116312708176,
  "CM": 0.32743116312708176,
  "COD": 0.3565985594608824,
  "CD": 0.3565985594608824,
  "COG": 0.3532765480340379,
  "CG": 0.3532765480340379,
  "COL": 0.35433595336822143,
  "CO": 0.35433595336822143,
  "COM": 0.4200437213077379,
  "KM": 0.4200437213077379,
  "CPV": 0.4638164956549471,
  "CV": 0.4638164956549471,
  "CRI": 0.5975276955141903,
  "CR": 0.5975276955141903,
  "CUW": 0.6983969070931341,
  "CW": 0.6983969070931341,
  "CYM": 1.121180589907548,
  "KY": 1.121180589907548,
  "CYP": 0.6138132202770243,
  "CY": 0.6138132202770243,
  "CZE": 0.5523245489982133,
  "CZ": 0.5523245489982133,
  "DEU": 0.7585993400890624,
  "DE": 0.7585993400890624,
  "DJI": 0.45487792324711485,
  "DJ": 0.45487792324711485,
  "DMA": 0.4884950339088111,
  "DM": 0.4884950339088111,
  "DNK": 0.8775440289641324,
  "DK": 0.8775440289641324,
  "DOM": 0.39488036835535817,
  "DO": 0.39488036835535817,
  "DZA": 0.32648969250847804,
  "DZ": 0.32648969250847804,
  "ECU": 0.434001889105821,
  "EC": 0.434001889105821,
  "EGY": 0.1748427972909108,
  "EG": 0.1748427972909108,
  "ERI": 0.3275939599791569,
  "ER": 0.3275939599791569,
  "ESP": 0.6084136381476561,
  "ES": 0.6084136381476561,
  "EST": 0.6236308251578123,
  "EE": 0.6236308251578123,
  "ETH": 0.34490365086955777,
  "ET": 0.34490365086955777,
  "FIN": 0.8160553425117185,
  "FI": 0.8160553425117185,
  "FJI": 0.4158975422644214,
  "FJ": 0.4158975422644214,
  "FRA": 0.7373597881507812,
  "FR": 0.7373597881507812,
  "FRO": 0.9049049736019807,
  "FO": 0.9049049736019807,
  "FSM": 0.958397910812363,
  "FM": 0.958397910812363,
  "GAB": 0.38261167374423344,
  "GA": 0.38261167374423344,
  "GBR": 0.8488504894205972,
  "GB": 0.8488504894205972,
  "GEO": 0.3267267908962498,
  "GE": 0.3267267908962498,
  "GHA": 0.29810140445235644,
  "GH": 0.29810140445235644,
  "GIN": 0.37126880287126074,
  "GN": 0.37126880287126074,
  "GMB": 0.250701222461677,
  "GM": 0.250701222461677,
  "GNB": 0.3230591465341305,
  "GW": 0.3230591465341305,
  "GNQ": 0.38398658156319865,
  "GQ": 0.38398658156319865,
  "GRC": 0.5575190261265625,
  "GR": 0.5575190261265625,
  "GRD": 0.5800971756561666,
  "GD": 0.5800971756561666,
  "GRL": 0.7419904516246447,
  "GL": 0.7419904516246447,
  "GTM": 0.4280166328101531,
  "GT": 0.4280166328101531,
  "GUY": 0.3702230653511271,
  "GY": 0.3702230653511271,
  "HKG": 0.7191167414520109,
  "HK": 0.7191167414520109,
  "HND": 0.457711231077315,
  "HN": 0.457711231077315,
  "HRV": 0.4853694310318193,
  "HR": 0.4853694310318193,
  "HTI": 0.6708966142498417,
  "HT": 0.6708966142498417,
  "HUN": 0.4801271265116941,
  "HU": 0.4801271265116941,
  "IDN": 0.29944965854576916,
  "ID": 0.29944965854576916,
  "IND": 0.2414642718807555,
  "IN": 0.2414642718807555,
  "IRL": 0.8019291950140625,
  "IE": 0.8019291950140625,
  "IRN": 0.26115524502609316,
  "IR": 0.26115524502609316,
  "IRQ": 0.41990296621735307,
  "IQ": 0.41990296621735307,
  "ISL": 1.027545226128763,
  "IS": 1.027545226128763,
  "ISR": 0.9465528017171578,
  "IL": 0.9465528017171578,
  "ITA": 0.6490245533351562,
  "IT": 0.6490245533351562,
  "JAM": 0.6015237150611936,
  "JM": 0.6015237150611936,
  "JOR": 0.4267522779440296,
  "JO": 0.4267522779440296,
  "JPN": 0.6240662844216927,
  "JP": 0.6240662844216927,
  "KAZ": 0.34615578279353043,
  "KZ": 0.34615578279353043,
  "KEN": 0.32095010508675914,
  "KE": 0.32095010508675914,
  "KGZ": 0.30205293262074,
  "KG": 0.30205293262074,
  "KHM": 0.32985081155752644,
  "KH": 0.32985081155752644,
  "KIR": 0.6181613253344325,
  "KI": 0.6181613253344325,
  "KNA": 0.6876036975062814,
  "KN": 0.6876036975062814,
  "KOR": 0.5935763968093885,
  "KR": 0.5935763968093885,
  "KWT": 0.6238648869100397,
  "KW": 0.6238648869100397,
  "LAO": 0.21726845607222328,
  "LA": 0.21726845607222328,
  "LBN": 0.2765623148127534,
  "LB": 0.2765623148127534,
  "LBR": 0.455092288485533,
  "LR": 0.455092288485533,
  "LBY": 0.4592597811336495,
  "LY": 0.4592597811336495,
  "LCA": 0.5144361577241741,
  "LC": 0.5144361577241741,
  "LKA": 0.28885598326474304,
  "LK": 0.28885598326474304,
  "LSO": 0.3238436831137288,
  "LS": 0.3238436831137288,
  "LTU": 0.5314921053749999,
  "LT": 0.5314921053749999,
  "LUX": 0.8827667803226561,
  "LU": 0.8827667803226561,
  "LVA": 0.5374322093874999,
  "LV": 0.5374322093874999,
  "MAC": 0.5671454843759364,
  "MO": 0.5671454843759364,
  "MAR": 0.3987657078658821,
  "MA": 0.3987657078658821,
  "MDA": 0.4069943996741589,
  "MD": 0.4069943996741589,
  "MDG": 0.289342538137932,
  "MG": 0.289342538137932,
  "MDV": 0.5109980584359131,
  "MV": 0.5109980584359131,
  "MEX": 0.5417448198724077,
  "MX": 0.5417448198724077,
  "MHL": 0.942852652244908,
  "MH": 0.942852652244908,
  "MKD": 0.34420110636073853,
  "MK": 0.34420110636073853,
  "MLI": 0.33022453912233524,
  "ML": 0.33022453912233524,
  "MLT": 0.6283456100153719,
  "MT": 0.6283456100153719,
  "MMR": 0.22660406998804714,
  "MM": 0.22660406998804714,
  "MNE": 0.3893791635542225,
  "ME": 0.3893791635542225,
  "MNG": 0.35261043002222914,
  "MN": 0.35261043002222914,
  "MOZ": 0.38512069719408026,
  "MZ": 0.38512069719408026,
  "MRT": 0.286360587760366,
  "MR": 0.286360587760366,
  "MUS": 0.37659768752325207,
  "MU": 0.37659768752325207,
  "MWI": 0.28131215069329174,
  "MW": 0.28131215069329174,
  "MYS": 0.3062054384781275,
  "MY": 0.3062054384781275,
  "NAM": 0.3776228109010278,
  "NA": 0.3776228109010278,
  "NER": 0.35868013098616625,
  "NE": 0.35868013098616625,
  "NGA": 0.11931058341527942,
  "NG": 0.11931058341527942,
  "NIC": 0.3269726849636607,
  "NI": 0.3269726849636607,
  "NLD": 0.7916758048335936,
  "NL": 0.7916758048335936,
  "NOR": 0.8507616595579709,
  "NO": 0.8507616595579709,
  "NPL": 0.2522931108687911,
  "NP": 0.2522931108687911,
  "NRU": 0.9602166835287631,
  "NR": 0.9602166835287631,
  "NZL": 0.8859799169848261,
  "NZ": 0.8859799169848261,
  "OMN": 0.4859881812922679,
  "OM": 0.4859881812922679,
  "PAK": 0.2365235888339882,